{
  "L1H1D16": {
    "n_params": 3801,
    "horizontal_win": {
      "mean": 0.4919246298788695,
      "std": 0.02557200538358008
    },
    "horizontal_block": {
      "mean": 0.4305555555555556,
      "std": 0.016793005314369006
    },
    "vertical_win": {
      "mean": 0.5720053835800808,
      "std": 0.018734065823788774
    },
    "vertical_block": {
      "mean": 0.3454861111111111,
      "std": 0.017582143316431504
    },
    "diagonal_win": {
      "mean": 0.722718253968254,
      "std": 0.052297250607535095
    },
    "diagonal_block": {
      "mean": 0.5641592920353982,
      "std": 0.08158138967916945
    },
    "horizontal_win_row0": {
      "mean": 0.8673333333333333,
      "std": 0.0919202552941044
    },
    "horizontal_win_row1": {
      "mean": 0.3676268861454047,
      "std": 0.09483640062546582
    },
    "horizontal_win_row2": {
      "mean": 0.2373333333333333,
      "std": 0.07813663246732185
    }
  },
  "L2H2D32": {
    "n_params": 26441,
    "horizontal_win": {
      "mean": 0.42059219380888285,
      "std": 0.03908313215540135
    },
    "horizontal_block": {
      "mean": 0.6436631944444444,
      "std": 0.06209631639741054
    },
    "vertical_win": {
      "mean": 0.7577388963660834,
      "std": 0.11370821777323509
    },
    "vertical_block": {
      "mean": 0.4522569444444444,
      "std": 0.1558715758881315
    },
    "diagonal_win": {
      "mean": 0.8075396825396824,
      "std": 0.07340222402217877
    },
    "diagonal_block": {
      "mean": 0.5401917404129793,
      "std": 0.1067597277318178
    },
    "horizontal_win_row0": {
      "mean": 0.9586666666666667,
      "std": 0.034486712417006814
    },
    "horizontal_win_row1": {
      "mean": 0.13991769547325103,
      "std": 0.0384393861980852
    },
    "horizontal_win_row2": {
      "mean": 0.15533333333333332,
      "std": 0.05804595880277397
    }
  }
}