{
  "L1H1D16": {
    "n_params": 3801,
    "horizontal_win": {
      "mean": 0.07019294743845642,
      "std": 0.019334851745469582
    },
    "horizontal_block": {
      "mean": 0.5807291666666667,
      "std": 0.08938496235511706
    },
    "vertical_win": {
      "mean": 0.7167664670658682,
      "std": 0.040988153417279474
    },
    "vertical_block": {
      "mean": 0.3583333333333333,
      "std": 0.026096946535745957
    },
    "diagonal_win": {
      "mean": 0.7330097087378641,
      "std": 0.014677833783597695
    },
    "diagonal_block": {
      "mean": 0.5935840707964601,
      "std": 0.019264945053584066
    }
  },
  "L1H1D32": {
    "n_params": 13737,
    "horizontal_win": {
      "mean": 0.04790419161676647,
      "std": 0.0
    },
    "horizontal_block": {
      "mean": 0.8489583333333334,
      "std": 0.03308163024977212
    },
    "vertical_win": {
      "mean": 0.8766467065868264,
      "std": 0.013644255334526734
    },
    "vertical_block": {
      "mean": 0.49140625,
      "std": 0.04017090631800238
    },
    "diagonal_win": {
      "mean": 0.8166666666666667,
      "std": 0.03539401286176033
    },
    "diagonal_block": {
      "mean": 0.6858407079646017,
      "std": 0.049091868485662445
    }
  },
  "L1H2D16": {
    "n_params": 3801,
    "horizontal_win": {
      "mean": 0.06793080505655355,
      "std": 0.022466052867039645
    },
    "horizontal_block": {
      "mean": 0.6286458333333333,
      "std": 0.09080292638991444
    },
    "vertical_win": {
      "mean": 0.7518962075848303,
      "std": 0.04533289637491818
    },
    "vertical_block": {
      "mean": 0.36432291666666666,
      "std": 0.02916492275292407
    },
    "diagonal_win": {
      "mean": 0.733495145631068,
      "std": 0.010734938085360607
    },
    "diagonal_block": {
      "mean": 0.611283185840708,
      "std": 0.03333851311987992
    }
  },
  "L1H1D64": {
    "n_params": 52041,
    "horizontal_win": {
      "mean": 0.04876912840984697,
      "std": 0.0010676517987944912
    },
    "horizontal_block": {
      "mean": 0.9619791666666666,
      "std": 0.01250271237933104
    },
    "vertical_win": {
      "mean": 0.8676646706586826,
      "std": 0.023257514189286274
    },
    "vertical_block": {
      "mean": 0.8276041666666668,
      "std": 0.04957843660169262
    },
    "diagonal_win": {
      "mean": 0.8284789644012946,
      "std": 0.04606324637158814
    },
    "diagonal_block": {
      "mean": 0.8940265486725665,
      "std": 0.034773947515300184
    }
  },
  "L1H2D32": {
    "n_params": 13737,
    "horizontal_win": {
      "mean": 0.048303393213572854,
      "std": 0.000595094604790363
    },
    "horizontal_block": {
      "mean": 0.90390625,
      "std": 0.010060647797959298
    },
    "vertical_win": {
      "mean": 0.8310046573519628,
      "std": 0.02456117360117392
    },
    "vertical_block": {
      "mean": 0.46614583333333337,
      "std": 0.11382249173412949
    },
    "diagonal_win": {
      "mean": 0.7697411003236245,
      "std": 0.0383882412030257
    },
    "diagonal_block": {
      "mean": 0.7289823008849557,
      "std": 0.07883141061303128
    }
  },
  "L1H2D64": {
    "n_params": 52041,
    "horizontal_win": {
      "mean": 0.054224883566200935,
      "std": 0.006781043616313876
    },
    "horizontal_block": {
      "mean": 0.971875,
      "std": 0.02978613457523529
    },
    "vertical_win": {
      "mean": 0.8656021290751831,
      "std": 0.013702125965814372
    },
    "vertical_block": {
      "mean": 0.9158854166666666,
      "std": 0.07287945479046587
    },
    "diagonal_win": {
      "mean": 0.8258899676375405,
      "std": 0.030279876085947118
    },
    "diagonal_block": {
      "mean": 0.9497787610619468,
      "std": 0.034010764835224624
    }
  },
  "L1H4D16": {
    "n_params": 3801,
    "horizontal_win": {
      "mean": 0.07697937458416501,
      "std": 0.028917824634646393
    },
    "horizontal_block": {
      "mean": 0.6630208333333333,
      "std": 0.07301774058773794
    },
    "vertical_win": {
      "mean": 0.7316699933466401,
      "std": 0.05691666533257449
    },
    "vertical_block": {
      "mean": 0.3572916666666667,
      "std": 0.036383852492860365
    },
    "diagonal_win": {
      "mean": 0.7338996763754044,
      "std": 0.024625591012637515
    },
    "diagonal_block": {
      "mean": 0.6030973451327434,
      "std": 0.04753677819900325
    }
  },
  "L1H4D32": {
    "n_params": 13737,
    "horizontal_win": {
      "mean": 0.04876912840984697,
      "std": 0.0010932585978147005
    },
    "horizontal_block": {
      "mean": 0.9283854166666666,
      "std": 0.02226905127146753
    },
    "vertical_win": {
      "mean": 0.8264803725881571,
      "std": 0.031659088904741964
    },
    "vertical_block": {
      "mean": 0.57734375,
      "std": 0.13982277445887872
    },
    "diagonal_win": {
      "mean": 0.829126213592233,
      "std": 0.046072659847702827
    },
    "diagonal_block": {
      "mean": 0.8522123893805309,
      "std": 0.07066497746311227
    }
  },
  "L1H4D64": {
    "n_params": 52041,
    "horizontal_win": {
      "mean": 0.06793080505655355,
      "std": 0.0053403317018719445
    },
    "horizontal_block": {
      "mean": 0.9966145833333334,
      "std": 0.003135831921560495
    },
    "vertical_win": {
      "mean": 0.8510312707917498,
      "std": 0.015016929658652397
    },
    "vertical_block": {
      "mean": 0.9856770833333334,
      "std": 0.008831158832194345
    },
    "diagonal_win": {
      "mean": 0.8255663430420712,
      "std": 0.02700738866942688
    },
    "diagonal_block": {
      "mean": 0.9913716814159292,
      "std": 0.004971726781912454
    }
  },
  "L2H1D16": {
    "n_params": 7081,
    "horizontal_win": {
      "mean": 0.0648037258815702,
      "std": 0.013817540572810124
    },
    "horizontal_block": {
      "mean": 0.79609375,
      "std": 0.03854474579479566
    },
    "vertical_win": {
      "mean": 0.8106453759148369,
      "std": 0.037841916887321136
    },
    "vertical_block": {
      "mean": 0.4627604166666667,
      "std": 0.08168744088984516
    },
    "diagonal_win": {
      "mean": 0.7766181229773463,
      "std": 0.022753550843641463
    },
    "diagonal_block": {
      "mean": 0.6957964601769911,
      "std": 0.03823179128049879
    }
  },
  "L2H1D32": {
    "n_params": 26441,
    "horizontal_win": {
      "mean": 0.07518296739853626,
      "std": 0.012498314966180441
    },
    "horizontal_block": {
      "mean": 0.9744791666666666,
      "std": 0.02972916027943166
    },
    "vertical_win": {
      "mean": 0.8620093147039254,
      "std": 0.004641880966748268
    },
    "vertical_block": {
      "mean": 0.9450520833333332,
      "std": 0.048635906374703115
    },
    "diagonal_win": {
      "mean": 0.855177993527508,
      "std": 0.026961298872090013
    },
    "diagonal_block": {
      "mean": 0.9643805309734514,
      "std": 0.012524937924529352
    }
  },
  "L2H1D64": {
    "n_params": 102025,
    "horizontal_win": {
      "mean": 0.0759148369926813,
      "std": 0.0043590933680105635
    },
    "horizontal_block": {
      "mean": 0.9971354166666666,
      "std": 0.00282284939956754
    },
    "vertical_win": {
      "mean": 0.8546906187624751,
      "std": 0.008054413667110183
    },
    "vertical_block": {
      "mean": 0.9841145833333333,
      "std": 0.007331087635551719
    },
    "diagonal_win": {
      "mean": 0.8368122977346278,
      "std": 0.014985666566711485
    },
    "diagonal_block": {
      "mean": 0.9840707964601769,
      "std": 0.004667040511001969
    }
  },
  "L2H2D16": {
    "n_params": 7081,
    "horizontal_win": {
      "mean": 0.07418496340652028,
      "std": 0.01759684784489447
    },
    "horizontal_block": {
      "mean": 0.8182291666666666,
      "std": 0.03254687458326664
    },
    "vertical_win": {
      "mean": 0.82228875582169,
      "std": 0.034823364351200425
    },
    "vertical_block": {
      "mean": 0.5450520833333333,
      "std": 0.04263801057444551
    },