{
  "horizontal_win": 0.39956236323851263,
  "horizontal_block": 0.3196969696969704,
  "vertical_win": 0.3995623632385128,
  "vertical_block": 0.31969696969697026,
  "diagonal_win": 0.4475949367088618,
  "diagonal_block": 0.32878787878787924,
  "horizontal_win_row0": 0.39837662337662344,
  "horizontal_win_row1": 0.4020134228187928,
  "horizontal_win_row2": 0.3983766233766244
}