{
  "L1H1D16": {
    "n_params": 3801,
    "horizontal_win": {
      "mean": 0.10040376850605652,
      "std": 0.003411518669081178
    },
    "horizontal_block": {
      "mean": 0.79375,
      "std": 0.026899919809618183
    },
    "vertical_win": {
      "mean": 0.9267833109017497,
      "std": 0.04800951104547287
    },
    "vertical_block": {
      "mean": 0.41328125,
      "std": 0.04290557224114694
    },
    "diagonal_win": {
      "mean": 0.9016369047619047,
      "std": 0.06182180582376895
    },
    "diagonal_block": {
      "mean": 0.6946902654867257,
      "std": 0.05617138566308879
    }
  },
  "L1H1D32": {
    "n_params": 13737,
    "horizontal_win": {
      "mean": 0.09946164199192463,
      "std": 0.0038774859464032097
    },
    "horizontal_block": {
      "mean": 0.9744791666666666,
      "std": 0.009769964313700037
    },
    "vertical_win": {
      "mean": 0.9960969044414536,
      "std": 0.0029487082503642592
    },
    "vertical_block": {
      "mean": 0.8760416666666666,
      "std": 0.017981011818702125
    },
    "diagonal_win": {
      "mean": 0.9915178571428571,
      "std": 0.005607572524231162
    },
    "diagonal_block": {
      "mean": 0.9396017699115043,
      "std": 0.024853710920325
    }
  },
  "L1H2D16": {
    "n_params": 3801,
    "horizontal_win": {
      "mean": 0.09851951547779272,
      "std": 0.0017548324105525301
    },
    "horizontal_block": {
      "mean": 0.8325520833333334,
      "std": 0.051531911697287956
    },
    "vertical_win": {
      "mean": 0.9462987886944818,
      "std": 0.026328506953475366
    },
    "vertical_block": {
      "mean": 0.4575520833333333,
      "std": 0.06192498069040429
    },
    "diagonal_win": {
      "mean": 0.9171130952380953,
      "std": 0.03830075007184272
    },
    "diagonal_block": {
      "mean": 0.7595132743362832,
      "std": 0.019859198752222425
    }
  },
  "L1H1D64": {
    "n_params": 52041,
    "horizontal_win": {
      "mean": 0.12207267833109017,
      "std": 0.009036058916749197
    },
    "horizontal_block": {
      "mean": 0.9979166666666666,
      "std": 0.0014846034180978245
    },
    "vertical_win": {
      "mean": 0.9983849259757738,
      "std": 0.0014743541251821222
    },
    "vertical_block": {
      "mean": 0.996875,
      "std": 0.0029976209461513863
    },
    "diagonal_win": {
      "mean": 0.9994047619047619,
      "std": 0.0009701194055361306
    },
    "diagonal_block": {
      "mean": 0.9940265486725665,
      "std": 0.0026640695970779524
    }
  },
  "L1H2D32": {
    "n_params": 13737,
    "horizontal_win": {
      "mean": 0.10457604306864066,
      "std": 0.008466845753728991
    },
    "horizontal_block": {
      "mean": 0.9885416666666667,
      "std": 0.008357711737438135
    },
    "vertical_win": {
      "mean": 0.9978465679676984,
      "std": 0.0018673535565964352
    },
    "vertical_block": {
      "mean": 0.9559895833333332,
      "std": 0.038575523558276426
    },
    "diagonal_win": {
      "mean": 0.9976190476190476,
      "std": 0.0016966896206832424
    },
    "diagonal_block": {
      "mean": 0.9787610619469026,
      "std": 0.008475212968751296
    }
  },
  "L1H2D64": {
    "n_params": 52041,
    "horizontal_win": {
      "mean": 0.13526244952893676,
      "std": 0.028323816293048396
    },
    "horizontal_block": {
      "mean": 1.0,
      "std": 0.0
    },
    "vertical_win": {
      "mean": 0.9995962314939435,
      "std": 0.000601902551143958
    },
    "vertical_block": {
      "mean": 0.9963541666666667,
      "std": 0.005076455387921323
    },
    "diagonal_win": {
      "mean": 1.0,
      "std": 0.0
    },
    "diagonal_block": {
      "mean": 0.9991150442477876,
      "std": 0.0014423014170802237
    }
  },
  "L1H4D16": {
    "n_params": 3801,
    "horizontal_win": {
      "mean": 0.1009421265141319,
      "std": 0.006149282261943831
    },
    "horizontal_block": {
      "mean": 0.8421875,
      "std": 0.039914748154356396
    },
    "vertical_win": {
      "mean": 0.919650067294751,
      "std": 0.03407068845789514
    },
    "vertical_block": {
      "mean": 0.4119791666666667,
      "std": 0.051251495256812045
    },
    "diagonal_win": {
      "mean": 0.8861607142857142,
      "std": 0.02915584559954857
    },
    "diagonal_block": {
      "mean": 0.695796460176991,
      "std": 0.037902304643831444
    }
  },
  "L1H4D32": {
    "n_params": 13737,
    "horizontal_win": {
      "mean": 0.11803499327052491,
      "std": 0.009828259578442598
    },
    "horizontal_block": {
      "mean": 0.9966145833333334,
      "std": 0.0011646187382811737
    },
    "vertical_win": {
      "mean": 0.9985195154777926,
      "std": 0.0014589154366540461
    },
    "vertical_block": {
      "mean": 0.98203125,
      "std": 0.01805159044335769
    },
    "diagonal_win": {
      "mean": 0.9997023809523811,
      "std": 0.0006654964218749351
    },
    "diagonal_block": {
      "mean": 0.9834070796460177,
      "std": 0.012466181050425506
    }
  },
  "L1H4D64": {
    "n_params": 52041,
    "horizontal_win": {
      "mean": 0.17200538358008075,
      "std": 0.013480803254759885
    },
    "horizontal_block": {
      "mean": 1.0,
      "std": 0.0
    },
    "vertical_win": {
      "mean": 1.0,
      "std": 0.0
    },
    "vertical_block": {
      "mean": 1.0,
      "std": 0.0
    },
    "diagonal_win": {
      "mean": 1.0,
      "std": 0.0
    },
    "diagonal_block": {
      "mean": 1.0,
      "std": 0.0
    }
  },
  "L2H1D16": {
    "n_params": 7081,
    "horizontal_win": {
      "mean": 0.1391655450874832,
      "std": 0.022407232183669537
    },
    "horizontal_block": {
      "mean": 0.93671875,
      "std": 0.03317886164124722
    },
    "vertical_win": {
      "mean": 0.979407806191117,
      "std": 0.007856500066054501
    },
    "vertical_block": {
      "mean": 0.8645833333333334,
      "std": 0.07083500878839562
    },
    "diagonal_win": {
      "mean": 0.9830357142857142,
      "std": 0.022741581476696457
    },
    "diagonal_block": {
      "mean": 0.898008849557522,
      "std": 0.0539625761874697
    }
  },
  "L2H1D32": {
    "n_params": 26441,
    "horizontal_win": {
      "mean": 0.16514131897711978,
      "std": 0.023984702702133782
    },
    "horizontal_block": {
      "mean": 0.9984375,
      "std": 0.0016977089596881827
    },
    "vertical_win": {
      "mean": 0.9994616419919247,
      "std": 0.0005630282816514668
    },
    "vertical_block": {
      "mean": 0.99296875,
      "std": 0.007342641760349829
    },
    "diagonal_win": {
      "mean": 0.9998511904761905,
      "std": 0.00033274821093749236
    },
    "diagonal_block": {
      "mean": 0.9926991150442477,
      "std": 0.004601025297142824
    }
  },
  "L2H1D64": {
    "n_params": 102025,
    "horizontal_win": {
      "mean": 0.15235531628532975,
      "std": 0.01105355975204693
    },
    "horizontal_block": {
      "mean": 1.0,
      "std": 0.0
    },
    "vertical_win": {
      "mean": 1.0,
      "std": 0.0
    },
    "vertical_block": {
      "mean": 0.9994791666666666,
      "std": 0.0007131804134182053
    },
    "diagonal_win": {
      "mean": 1.0,
      "std": 0.0
    },
    "diagonal_block": {
      "mean": 1.0,
      "std": 0.0
    }
  },
  "L2H2D16": {
    "n_params": 7081,
    "horizontal_win": {
      "mean": 0.16325706594885597,
      "std": 0.0380961998679769
    },
    "horizontal_block": {
      "mean": 0.9520833333333334,
      "std": 0.011063878013670841
    },
    "vertical_win": {
      "mean": 0.984522207267833,
      "std": 0.0062406584761074725
    },
    "vertical_block": {
      "mean": 0.8947916666666667,
      "std": 0.02360688215293662
    },
    "diagonal_win": {
      "mean": 0.991815476190476,
      "std": 0.0060675247136533165
    },
    "diagonal_block": {
      "mean": 0.931637168141593,
      "std": 0.03768699948655963
    }
  },
  "L2H2D32": {
    "n_params": 26441,
    "horizontal_win": {
      "mean": 0.16917900403768507,
      "std": 0.01677381571643092
    },