{
  "L1H1D16": {
    "n_params": 3801,
    "horizontal_win": {
      "mean": 0.4006280843427546,
      "std": 0.0619708784201414
    },
    "horizontal_block": {
      "mean": 0.40581597222222215,
      "std": 0.03484948466344762
    },
    "vertical_win": {
      "mean": 0.6074472857783759,
      "std": 0.015584704973245182
    },
    "vertical_block": {
      "mean": 0.35894097222222227,
      "std": 0.05182771474159023
    },
    "diagonal_win": {
      "mean": 0.7705853174603176,
      "std": 0.13271259608983332
    },
    "diagonal_block": {
      "mean": 0.5896017699115045,
      "std": 0.11706864208250399
    },
    "horizontal_win_row0": {
      "mean": 0.39999999999999997,
      "std": 0.05888972745734185
    },
    "horizontal_win_row1": {
      "mean": 0.43552812071330593,
      "std": 0.0790866134727
    },
    "horizontal_win_row2": {
      "mean": 0.3673333333333333,
      "std": 0.10583635166299588
    }
  },
  "L2H2D32": {
    "n_params": 26441,
    "horizontal_win": {
      "mean": 0.19964109466128308,
      "std": 0.06024415142101824
    },
    "horizontal_block": {
      "mean": 0.64453125,
      "std": 0.14989235865789752
    },
    "vertical_win": {
      "mean": 0.7954239569313594,
      "std": 0.14247269872576457
    },
    "vertical_block": {
      "mean": 0.41840277777777773,
      "std": 0.21500677737151186
    },
    "diagonal_win": {
      "mean": 0.8953373015873015,
      "std": 0.02827707270225237
    },
    "diagonal_block": {
      "mean": 0.6544985250737464,
      "std": 0.06421013141899774
    },
    "horizontal_win_row0": {
      "mean": 0.19266666666666668,
      "std": 0.07223111056416989
    },
    "horizontal_win_row1": {
      "mean": 0.21673525377229078,
      "std": 0.04157872308978785
    },
    "horizontal_win_row2": {
      "mean": 0.19000000000000003,
      "std": 0.0818535277187245
    }
  }
}